"Model","Proportion","Cutoff"
"1st",0.249332967434156,0.4962
"Median",0.107322043608692,0.6029
"3rd",0.0545268378500438,0.6456
