Predictor variable,Categorical,Sample average
hab_1,false,3.2306515079523837E-4
hab_2,false,0.12574885844119957
hab_3,false,0.6877773676599775
hab_4,false,0.12973899773455091
hab_5,false,0.04715334269151624
hab_6,false,0.009258367101262722
studyareadem,false,351.77142857142854
