"Model","Proportion","Cutoff"
"1st",0.24355427791793,0.5002
"Median",0.113020232457262,0.5985
"3rd",0.0552840355755239,0.6459
